timestamp,temperature_c,humidity_perc,pressure_hpa,rainfall_mm,status
2025-11-15T21:18:14.311732,27.5,80.7,1015.79,102.3,Dry
2025-11-15T21:18:19.330309,27.5,80.7,1015.77,102.2,Dry
2025-11-15T21:18:24.348809,27.5,80.7,1015.75,102.1,Dry
2025-11-15T21:18:29.367582,27.5,80.7,1015.75,102.0,Dry
2025-11-15T21:18:34.386004,27.5,80.7,1015.79,102.3,Dry
2025-11-15T21:18:39.403670,27.5,80.7,1015.76,102.3,Dry
2025-11-15T21:18:44.422192,27.5,80.7,1015.76,102.3,Dry
2025-11-15T21:18:49.440724,27.5,80.8,1015.79,102.1,Dry
2025-11-15T21:18:54.459289,27.5,80.8,1015.79,102.1,Dry
2025-11-15T21:18:59.478034,27.5,80.7,1015.79,102.1,Dry
2025-11-15T21:19:04.495673,27.5,80.8,1015.79,102.3,Dry
2025-11-15T21:19:09.514082,27.5,80.7,1015.8,102.3,Dry
2025-11-15T21:19:14.532783,27.5,80.8,1015.81,102.3,Dry
2025-11-15T21:19:19.551382,27.5,80.8,1015.8,102.2,Dry
2025-11-15T21:19:24.570036,27.5,80.8,1015.8,102.3,Dry
2025-11-15T21:19:29.587617,27.5,80.8,1015.78,102.3,Dry
2025-11-15T21:19:34.606186,27.5,80.7,1015.81,102.2,Dry
2025-11-15T21:26:21.458922,27.6,80.9,1015.84,102.2,Dry
2025-11-15T21:26:26.477507,27.6,80.9,1015.82,102.1,Dry
2025-11-15T21:26:31.496158,27.6,80.9,1015.82,102.1,Dry
2025-11-15T21:26:36.514871,27.6,80.9,1015.83,102.1,Dry
2025-11-15T21:26:41.533642,27.6,80.9,1015.85,102.2,Dry
2025-11-15T21:26:46.551290,27.6,80.9,1015.84,102.2,Dry
2025-11-15T21:26:51.570042,27.6,80.9,1015.86,102.1,Dry
2025-11-15T21:26:56.588952,27.6,80.9,1015.81,102.2,Dry
2025-11-15T21:27:01.607444,27.6,80.9,1015.84,102.2,Dry
2025-11-15T21:27:06.626034,27.6,80.9,1015.85,102.1,Dry
2025-11-15T21:27:11.643798,27.6,81.0,1015.8,102.2,Dry
2025-11-15T21:27:16.662613,27.6,80.9,1015.83,102.2,Dry
2025-11-15T21:27:21.681232,27.6,80.9,1015.81,102.3,Dry
2025-11-15T21:27:26.700027,27.6,80.9,1015.81,102.3,Dry
2025-11-15T21:27:31.718694,27.6,80.9,1015.84,102.0,Dry
2025-11-15T21:27:36.736435,27.6,80.9,1015.79,102.0,Dry
2025-11-15T21:27:41.755141,27.6,80.9,1015.8,102.3,Dry
2025-11-15T21:27:46.773681,27.6,81.0,1015.83,102.3,Dry
2025-11-15T21:27:51.792500,27.6,80.9,1015.81,102.0,Dry
2025-11-15T21:27:56.811278,27.6,80.9,1015.81,102.1,Dry
2025-11-15T21:28:01.829980,27.6,80.9,1015.82,102.3,Dry
2025-11-15T21:28:06.847714,27.6,80.9,1015.82,102.1,Dry
2025-11-15T21:28:11.866394,27.6,80.9,1015.81,102.3,Dry
2025-11-15T21:28:16.885235,27.6,80.9,1015.81,102.2,Dry
2025-11-15T21:28:21.903815,27.6,81.0,1015.8,102.1,Dry
2025-11-15T21:28:26.922532,27.6,80.9,1015.82,102.3,Dry
2025-11-15T21:28:31.940338,27.6,81.1,1015.82,102.2,Dry
2025-11-15T21:28:36.959056,27.6,81.3,1015.85,102.2,Dry
2025-11-15T21:28:41.977739,27.6,81.1,1015.83,102.3,Dry
2025-11-15T21:28:46.996439,27.6,81.0,1015.82,102.2,Dry
2025-11-15T21:28:52.015090,27.6,81.0,1015.84,102.1,Dry
2025-11-15T21:28:57.032891,27.6,81.0,1015.84,102.2,Dry
2025-11-15T21:29:02.051667,27.6,81.0,1015.83,102.3,Dry
2025-11-15T21:29:07.070208,27.6,81.0,1015.81,102.3,Dry
2025-11-15T21:29:12.089105,27.6,80.9,1015.84,102.3,Dry
2025-11-15T21:29:17.107678,27.6,81.0,1015.83,102.1,Dry
2025-11-15T21:29:22.126441,27.6,81.0,1015.83,102.3,Dry
2025-11-15T21:29:27.144248,27.6,80.9,1015.82,102.2,Dry
2025-11-15T21:29:32.163094,27.6,80.9,1015.82,102.3,Dry
2025-11-15T21:29:37.181655,27.6,80.9,1015.83,102.2,Dry
2025-11-15T21:29:42.200243,27.6,81.0,1015.85,102.1,Dry
2025-11-15T21:29:47.219084,27.6,80.9,1015.85,102.3,Dry
2025-11-15T21:29:52.236966,27.6,80.9,1015.83,102.3,Dry
2025-11-15T21:29:57.255593,27.6,80.9,1015.82,102.2,Dry
2025-11-15T21:30:02.274301,27.6,80.9,1015.81,102.0,Dry
2025-11-15T21:30:07.293050,27.6,80.9,1015.81,102.3,Dry
2025-11-15T21:30:12.311772,27.6,80.9,1015.82,102.3,Dry
2025-11-15T21:30:17.329516,27.6,80.9,1015.84,102.3,Dry
2025-11-15T21:30:22.348193,27.6,80.9,1015.84,102.2,Dry
2025-11-15T21:30:27.366867,27.6,80.9,1015.83,102.3,Dry
2025-11-15T21:30:32.385922,27.6,80.9,1015.82,102.3,Dry
2025-11-15T21:30:37.404389,27.6,80.9,1015.86,102.3,Dry
2025-11-15T21:30:42.423161,27.6,80.9,1015.84,102.2,Dry
2025-11-15T21:30:47.440687,27.6,80.9,1015.84,102.2,Dry
2025-11-15T21:30:52.459523,27.6,80.9,1015.83,102.3,Dry
2025-11-15T21:30:57.478147,27.6,80.9,1015.86,102.3,Dry
2025-11-15T21:31:02.496920,27.6,80.9,1015.88,102.3,Dry
2025-11-15T21:31:07.515732,27.6,81.0,1015.85,102.0,Dry
2025-11-15T21:31:12.533257,27.6,81.0,1015.81,102.2,Dry
2025-11-15T21:31:17.552007,27.6,81.0,1015.85,102.2,Dry
2025-11-15T21:31:22.570869,27.6,81.0,1015.83,102.2,Dry
2025-11-15T21:31:27.589450,27.6,81.0,1015.88,102.2,Dry
2025-11-15T21:31:32.608309,27.6,81.0,1015.84,102.0,Dry
2025-11-15T21:31:37.625903,27.6,81.0,1015.87,102.3,Dry
2025-11-15T21:31:42.644627,27.6,81.0,1015.85,102.2,Dry
2025-11-15T21:31:47.663392,27.6,81.0,1015.87,102.3,Dry
2025-11-15T21:31:52.682183,27.6,81.0,1015.85,102.2,Dry
2025-11-15T21:31:57.700849,27.6,81.1,1015.86,102.1,Dry
2025-11-15T21:32:02.719778,27.6,81.1,1015.85,102.0,Dry
2025-11-15T21:32:07.737325,27.6,81.1,1015.87,102.3,Dry
2025-11-15T21:32:12.756062,27.6,81.1,1015.86,102.2,Dry
2025-11-15T21:32:17.774875,27.6,81.1,1015.85,102.3,Dry
2025-11-15T21:32:22.793681,27.6,81.2,1015.85,102.1,Dry
2025-11-15T21:32:27.812286,27.6,81.2,1015.85,102.2,Dry
2025-11-15T21:32:32.829914,27.6,81.1,1015.9,102.1,Dry
2025-11-15T21:32:37.848703,27.6,81.1,1015.87,102.1,Dry
2025-11-15T21:32:42.867478,27.6,81.1,1015.83,102.2,Dry
2025-11-15T21:32:47.886203,27.6,81.1,1015.86,102.1,Dry
2025-11-15T21:32:52.904950,27.6,81.1,1015.88,102.3,Dry
2025-11-15T21:32:57.922620,27.6,81.2,1015.87,102.3,Dry
2025-11-15T21:33:02.941426,27.6,81.1,1015.88,102.2,Dry
2025-11-15T21:33:07.959978,27.7,81.2,1015.85,102.3,Dry
2025-11-15T21:33:12.978714,27.7,81.1,1015.9,102.3,Dry
2025-11-15T21:33:17.997565,27.6,81.2,1015.85,102.3,Dry
2025-11-15T21:33:23.016205,27.7,81.0,1015.88,102.3,Dry
2025-11-15T21:33:28.034004,27.6,81.1,1015.86,102.1,Dry
2025-11-15T21:33:33.052606,27.7,81.0,1015.87,102.2,Dry
2025-11-15T21:33:38.071225,27.7,81.1,1015.9,102.2,Dry
2025-11-15T21:33:43.090110,27.7,81.0,1015.89,102.3,Dry
2025-11-15T21:33:48.108706,27.7,81.1,1015.88,102.3,Dry
2025-11-15T21:33:53.126493,27.7,81.0,1015.87,102.3,Dry
2025-11-15T21:33:58.145120,27.7,81.1,1015.87,102.1,Dry
2025-11-15T21:34:03.164099,27.7,81.0,1015.89,102.2,Dry
2025-11-15T21:34:08.182921,27.7,81.0,1015.89,102.3,Dry
2025-11-15T21:34:13.201550,27.7,81.0,1015.88,102.2,Dry
2025-11-15T21:34:18.219244,27.7,81.0,1015.88,102.1,Dry
2025-11-15T21:34:52.677257,27.7,81.0,1015.89,102.3,Dry
2025-11-15T21:34:57.695950,27.7,81.0,1015.84,102.2,Dry
2025-11-15T21:35:02.714636,27.7,81.0,1015.85,102.3,Dry
2025-11-15T21:35:07.733462,27.6,81.0,1015.89,102.3,Dry
2025-11-15T21:35:12.752140,27.7,81.1,1015.89,102.3,Dry
2025-11-15T21:35:17.770094,27.6,81.0,1015.85,102.3,Dry
2025-11-15T21:35:22.788591,27.7,81.0,1015.86,102.3,Dry
2025-11-15T21:35:27.807330,27.7,81.0,1015.85,102.3,Dry
2025-11-15T21:35:32.826054,27.7,81.0,1015.86,102.3,Dry
2025-11-15T21:35:37.844740,27.7,81.0,1015.86,102.3,Dry
2025-11-15T21:35:42.862615,27.7,81.0,1015.9,102.3,Dry
2025-11-15T21:35:47.881364,27.7,81.0,1015.89,102.3,Dry
2025-11-15T21:35:52.899949,27.7,81.0,1015.88,102.3,Dry
2025-11-15T21:35:57.918723,27.7,81.0,1015.9,102.3,Dry
2025-11-15T21:36:02.937453,27.7,81.0,1015.87,102.1,Dry
2025-11-15T21:36:07.955133,27.7,81.0,1015.85,102.1,Dry
2025-11-15T21:36:12.974023,27.7,81.0,1015.85,102.0,Dry
2025-11-15T21:36:17.992754,27.6,81.0,1015.87,102.3,Dry
2025-11-15T21:36:23.011569,27.6,81.0,1015.87,102.2,Dry
2025-11-15T21:36:28.030380,27.6,81.0,1015.88,102.3,Dry
2025-11-15T21:36:33.049077,27.6,81.0,1015.86,102.3,Dry
2025-11-15T21:36:38.066876,27.6,81.0,1015.86,102.3,Dry
2025-11-15T21:36:43.085665,27.6,81.0,1015.86,102.3,Dry
2025-11-15T21:36:48.104260,27.6,81.0,1015.85,102.3,Dry
2025-11-15T21:36:53.122953,27.6,81.0,1015.9,102.1,Dry
2025-11-15T21:36:58.141837,27.6,81.0,1015.85,102.3,Dry
2025-11-15T21:37:03.159693,27.6,81.1,1015.85,102.3,Dry
2025-11-15T21:37:08.178308,27.6,81.1,1015.83,102.2,Dry
2025-11-15T21:37:13.197065,27.6,81.1,1015.86,102.3,Dry
2025-11-15T21:37:18.215744,27.6,81.1,1015.85,102.2,Dry
2025-11-15T21:37:23.234703,27.6,81.1,1015.85,102.2,Dry
2025-11-15T21:37:28.252273,27.6,81.1,1015.85,102.3,Dry
2025-11-15T21:37:33.270977,27.6,81.1,1015.86,102.3,Dry
2025-11-15T21:37:38.289703,27.6,81.1,1015.85,102.1,Dry
2025-11-15T21:37:43.308459,27.6,81.1,1015.85,102.1,Dry
2025-11-15T21:37:48.327129,27.6,81.1,1015.85,102.1,Dry
2025-11-15T21:37:53.345950,27.6,81.1,1015.88,102.2,Dry
2025-11-15T21:37:58.363614,27.6,81.1,1015.87,102.1,Dry
2025-11-15T21:38:03.382425,27.6,81.1,1015.88,102.2,Dry
2025-11-15T21:38:08.401231,27.6,81.1,1015.85,102.2,Dry
2025-11-15T21:38:13.419985,27.6,81.1,1015.89,102.3,Dry
2025-11-15T21:38:18.438611,27.6,81.2,1015.85,102.2,Dry
2025-11-15T21:38:23.456335,27.6,81.2,1015.87,102.3,Dry
2025-11-15T21:38:28.475095,27.6,81.2,1015.85,102.3,Dry
2025-11-15T21:38:33.493789,27.6,81.2,1015.83,102.3,Dry
2025-11-15T21:38:38.512653,27.6,81.2,1015.85,102.3,Dry
2025-11-15T21:38:43.531394,27.6,81.2,1015.83,102.3,Dry
2025-11-15T21:38:48.549077,27.6,81.2,1015.82,102.3,Dry
2025-11-15T21:38:53.567912,27.6,81.2,1015.82,102.2,Dry
2025-11-15T21:38:58.586626,27.6,81.2,1015.85,102.3,Dry
2025-11-15T21:39:03.605416,27.6,81.2,1015.87,102.3,Dry
2025-11-15T21:39:08.624049,27.6,81.2,1015.84,102.3,Dry
2025-11-15T21:39:13.642855,27.6,81.2,1015.85,102.3,Dry
2025-11-15T21:39:18.660537,27.6,81.2,1015.84,102.3,Dry
2025-11-15T21:39:23.679284,27.6,81.2,1015.85,102.3,Dry
2025-11-15T21:39:28.698015,27.6,81.2,1015.86,102.3,Dry
2025-11-15T21:39:33.716883,27.6,81.2,1015.84,102.3,Dry
2025-11-15T21:39:38.735697,27.6,81.2,1015.84,102.2,Dry
2025-11-15T21:39:43.753481,27.6,81.2,1015.83,102.3,Dry
2025-11-15T21:39:48.772072,27.6,81.2,1015.83,102.1,Dry
2025-11-15T21:39:53.790836,27.6,81.2,1015.84,102.2,Dry
2025-11-15T21:39:58.809675,27.6,81.2,1015.83,102.3,Dry
2025-11-15T21:40:03.828416,27.6,81.2,1015.84,102.3,Dry
2025-11-15T21:40:08.846199,27.6,81.2,1015.86,102.2,Dry
2025-11-15T21:40:13.864927,27.6,81.2,1015.87,102.2,Dry
2025-11-15T21:40:18.883552,27.6,81.2,1015.84,102.3,Dry
2025-11-15T21:40:23.902227,27.6,81.2,1015.85,102.3,Dry
2025-11-15T21:40:28.921003,27.6,81.2,1015.86,102.3,Dry
2025-11-15T21:40:33.939789,27.6,81.2,1015.83,102.2,Dry
2025-11-15T21:40:38.957581,27.6,81.2,1015.83,102.0,Dry
2025-11-15T21:40:43.976277,27.6,81.2,1015.82,102.1,Dry
2025-11-15T21:40:48.994972,27.6,81.2,1015.83,102.2,Dry
2025-11-15T21:40:54.013788,27.6,81.2,1015.83,102.2,Dry
2025-11-15T21:40:59.032559,27.6,81.2,1015.84,102.3,Dry
2025-11-15T21:41:04.050363,27.6,81.2,1015.86,102.1,Dry
2025-11-15T21:41:09.069052,27.6,81.2,1015.82,102.2,Dry
2025-11-15T21:41:14.087822,27.6,81.2,1015.85,102.3,Dry
2025-11-15T21:41:19.106701,27.6,81.2,1015.85,102.3,Dry
2025-11-15T21:41:24.125357,27.6,81.2,1015.84,102.3,Dry
2025-11-15T21:41:29.142894,27.7,81.2,1015.84,102.3,Dry
2025-11-15T21:41:34.161602,27.7,81.2,1015.88,102.3,Dry
2025-11-15T21:41:39.180446,27.7,81.3,1015.85,102.1,Dry
2025-11-15T21:41:44.199225,27.7,81.3,1015.85,102.1,Dry
2025-11-15T21:41:49.218014,27.6,81.2,1015.84,102.1,Dry
2025-11-15T21:41:54.236837,27.6,81.2,1015.83,102.2,Dry
2025-11-15T21:41:59.254522,27.6,81.1,1015.83,102.1,Dry
2025-11-15T21:42:04.273247,27.6,81.2,1015.85,102.1,Dry
2025-11-15T21:42:09.292059,27.6,81.2,1015.85,102.2,Dry
2025-11-15T21:42:14.310799,27.6,81.2,1015.84,102.2,Dry
2025-11-15T21:42:19.329615,27.6,81.3,1015.85,102.1,Dry
2025-11-15T21:42:24.347363,27.6,81.2,1015.86,102.3,Dry
2025-11-15T21:42:29.366088,27.6,81.3,1015.84,102.3,Dry
2025-11-15T21:42:34.384864,27.6,81.3,1015.86,102.2,Dry
2025-11-15T21:42:39.403606,27.6,81.3,1015.86,102.3,Dry
2025-11-15T21:42:44.422360,27.6,81.3,1015.84,102.3,Dry
2025-11-15T21:42:49.440159,27.5,81.3,1015.84,102.3,Dry
2025-11-15T21:42:54.458840,27.5,81.3,1015.86,102.1,Dry
2025-11-15T21:42:59.477648,27.5,81.3,1015.86,102.2,Dry
2025-11-15T21:43:04.496441,27.5,81.3,1015.87,102.2,Dry
2025-11-15T21:43:09.515276,27.5,81.3,1015.84,102.3,Dry
2025-11-15T21:43:14.534083,27.5,81.3,1015.83,102.3,Dry
2025-11-15T21:43:19.551738,27.5,81.3,1015.84,102.3,Dry
2025-11-15T21:43:24.570613,27.5,81.2,1015.85,102.2,Dry
2025-11-15T21:43:29.589195,27.5,81.3,1015.84,102.3,Dry
2025-11-15T21:43:34.608006,27.5,81.4,1015.83,102.2,Dry
2025-11-15T21:43:39.626770,27.5,81.4,1015.85,102.1,Dry
2025-11-15T21:43:44.644456,27.5,81.3,1015.84,102.3,Dry
2025-11-15T21:43:49.663204,27.5,81.4,1015.87,102.3,Dry
2025-11-15T21:43:54.681974,27.5,81.3,1015.89,102.2,Dry
2025-11-15T21:43:59.700684,27.5,81.3,1015.86,102.3,Dry
2025-11-15T21:44:04.719466,27.5,81.3,1015.85,102.1,Dry
2025-11-15T21:44:09.737292,27.5,81.3,1015.86,102.3,Dry
2025-11-15T21:44:14.755944,27.5,81.3,1015.84,102.2,Dry
2025-11-15T21:44:19.774783,27.5,81.3,1015.87,102.3,Dry
2025-11-15T21:44:24.793370,27.5,81.3,1015.87,102.3,Dry
2025-11-15T21:44:29.812505,27.5,81.3,1015.88,102.2,Dry
2025-11-15T21:44:34.830985,27.5,81.3,1015.85,102.3,Dry
2025-11-15T21:44:39.848544,27.4,81.4,1015.86,102.3,Dry
2025-11-15T21:44:44.867297,27.4,81.3,1015.85,102.3,Dry
2025-11-15T21:44:49.886275,27.5,81.4,1015.87,102.3,Dry
2025-11-15T21:44:54.904921,27.4,81.4,1015.84,102.3,Dry
2025-11-15T21:44:59.923624,27.4,81.4,1015.85,102.3,Dry
2025-11-15T21:45:04.941304,27.4,81.4,1015.88,102.2,Dry
2025-11-15T21:45:09.959973,27.4,81.4,1015.87,102.3,Dry
2025-11-15T21:45:14.978930,27.5,81.4,1015.86,102.3,Dry
2025-11-15T21:45:19.997669,27.5,81.4,1015.87,102.3,Dry
2025-11-15T21:45:25.016344,27.4,81.3,1015.85,102.3,Dry
2025-11-15T21:45:30.033967,27.4,81.3,1015.85,102.1,Dry
2025-11-15T21:45:35.052735,27.4,81.4,1015.86,102.2,Dry
2025-11-15T21:45:40.071934,27.4,81.3,1015.86,102.2,Dry
2025-11-15T21:45:45.091368,27.5,81.3,1015.85,102.3,Dry
2025-11-15T21:45:50.110814,27.5,81.3,1015.84,102.3,Dry
2025-11-15T21:45:55.130393,27.5,81.3,1015.85,102.1,Dry
2025-11-15T21:46:00.148573,27.5,81.3,1015.86,102.2,Dry
2025-11-15T21:46:05.167918,27.4,81.4,1015.83,102.3,Dry
2025-11-15T21:46:10.187327,27.4,81.3,1015.87,102.2,Dry
2025-11-15T21:46:15.206706,27.4,81.3,1015.9,102.3,Dry
2025-11-15T21:46:20.226321,27.5,81.3,1015.85,102.2,Dry
2025-11-15T21:46:25.244477,27.4,81.3,1015.88,102.3,Dry
2025-11-15T21:46:30.263819,27.4,81.3,1015.87,102.3,Dry
2025-11-15T21:46:35.283313,27.4,81.3,1015.86,102.2,Dry
2025-11-15T21:46:40.302602,27.4,81.3,1015.88,102.3,Dry
2025-11-15T21:46:45.321964,27.4,81.3,1015.9,102.2,Dry
2025-11-15T21:46:50.340260,27.4,81.4,1015.88,102.2,Dry
2025-11-15T21:46:55.359442,27.4,81.4,1015.86,102.1,Dry
2025-11-15T21:47:00.378942,27.4,81.3,1015.86,102.3,Dry
2025-11-15T21:47:05.398404,27.4,81.3,1015.87,102.0,Dry
2025-11-15T21:47:10.417772,27.4,81.3,1015.84,102.2,Dry
2025-11-15T21:47:15.436986,27.4,81.3,1015.83,102.3,Dry
2025-11-15T21:47:20.455322,27.4,81.3,1015.83,102.3,Dry
2025-11-15T21:47:25.474536,27.4,81.2,1015.83,102.2,Dry
2025-11-15T21:47:30.493845,27.4,81.3,1015.87,102.3,Dry
2025-11-15T21:47:35.513241,27.4,81.3,1015.86,102.3,Dry
2025-11-15T21:47:40.532536,27.4,81.3,1015.86,102.1,Dry
2025-11-15T21:47:45.550525,27.4,81.3,1015.85,42.2,Wet
2025-11-15T21:47:50.569815,27.4,81.3,1015.84,42.5,Wet
2025-11-15T21:47:55.589079,27.4,81.3,1015.84,42.2,Wet
2025-11-15T21:48:00.608292,27.4,81.3,1015.84,42.1,Wet
2025-11-15T21:48:05.627755,27.4,81.3,1015.88,42.0,Wet
2025-11-15T21:48:10.645891,27.4,81.3,1015.86,41.8,Wet
2025-11-15T21:48:15.665198,27.4,81.2,1015.84,41.8,Wet
2025-11-15T21:48:20.684463,27.4,81.2,1015.85,42.0,Wet
2025-11-15T21:48:25.703706,27.4,81.3,1015.85,41.7,Wet
2025-11-15T21:48:30.723060,27.4,81.3,1015.84,41.9,Wet
2025-11-15T21:48:35.742196,27.4,81.4,1015.86,41.6,Wet
2025-11-15T21:48:40.760552,27.4,81.4,1015.84,47.8,Wet
2025-11-15T21:48:45.779952,27.4,81.3,1015.85,56.0,Dry
2025-11-15T21:48:50.799283,27.4,81.3,1015.86,55.0,Dry
2025-11-15T21:48:55.818860,27.4,81.4,1015.85,102.0,Dry
2025-11-15T21:49:00.837990,27.4,81.4,1015.84,102.1,Dry
2025-11-15T21:49:05.856257,27.4,81.4,1015.85,102.2,Dry
2025-11-15T21:49:10.875416,27.4,81.4,1015.86,102.2,Dry
2025-11-15T21:49:15.894739,27.4,81.4,1015.87,102.3,Dry
2025-11-15T21:49:20.913960,27.4,81.4,1015.84,102.2,Dry
2025-11-15T21:49:25.933192,27.4,81.4,1015.84,102.3,Dry
2025-11-15T21:49:30.951539,27.4,81.3,1015.85,102.2,Dry
2025-11-15T21:49:35.970575,27.4,81.4,1015.85,102.3,Dry
2025-11-15T21:49:40.989871,27.4,81.4,1015.84,102.3,Dry
2025-11-15T21:49:46.009192,27.4,81.3,1015.86,102.3,Dry
2025-11-15T21:49:51.028352,27.4,81.4,1015.86,102.3,Dry
2025-11-15T21:49:56.047610,27.4,81.3,1015.84,102.2,Dry
2025-11-15T21:50:01.065685,27.4,81.3,1015.83,102.1,Dry
2025-11-15T21:50:06.084948,27.4,81.3,1015.83,102.3,Dry
2025-11-15T21:50:11.104247,27.4,81.3,1015.85,102.2,Dry
2025-11-15T21:50:16.123338,27.4,81.4,1015.87,102.2,Dry
2025-11-15T21:50:21.142620,27.4,81.4,1015.84,102.3,Dry
2025-11-15T21:50:26.160708,27.4,81.4,1015.85,102.2,Dry
2025-11-15T21:50:31.180079,27.4,81.4,1015.84,102.0,Dry
2025-11-15T21:50:36.199072,27.4,81.3,1015.84,102.1,Dry
2025-11-15T21:50:41.218280,27.4,81.3,1015.85,102.2,Dry
2025-11-15T21:50:46.237334,27.4,81.4,1015.87,102.1,Dry
2025-11-15T21:50:51.255630,27.4,81.3,1015.87,102.3,Dry
2025-11-15T21:50:56.274722,27.4,81.3,1015.86,102.3,Dry
2025-11-15T21:58:44.871311,27.3,81.4,1015.84,102.3,Dry
2025-11-15T21:58:49.890362,27.3,81.3,1015.86,102.1,Dry
2025-11-15T21:58:54.909278,27.3,81.4,1015.85,102.1,Dry
2025-11-15T21:58:59.928301,27.3,81.4,1015.83,102.1,Dry
2025-11-15T21:59:04.947284,27.3,81.4,1015.82,102.3,Dry
2025-11-15T21:59:09.965181,27.3,81.4,1015.85,102.1,Dry
2025-11-15T21:59:14.984183,27.3,81.4,1015.84,102.1,Dry
2025-11-15T21:59:20.003232,27.3,81.4,1015.84,102.1,Dry
2025-11-15T21:59:25.022129,27.3,81.4,1015.83,102.2,Dry
2025-11-15T21:59:30.041081,27.3,81.3,1015.84,102.2,Dry
2025-11-15T21:59:35.058913,27.3,81.3,1015.83,102.1,Dry
2025-11-15T21:59:40.077949,27.3,81.4,1015.84,102.0,Dry
2025-11-15T21:59:45.097032,27.3,81.4,1015.83,102.3,Dry
2025-11-15T21:59:50.115867,27.3,81.4,1015.85,102.3,Dry
2025-11-15T21:59:55.135090,27.3,81.4,1015.84,102.3,Dry
2025-11-15T22:00:00.152732,27.4,81.4,1015.83,102.1,Dry
2025-11-15T22:00:05.171866,27.3,81.4,1015.8,102.1,Dry
2025-11-15T22:00:10.190760,27.3,81.3,1015.81,102.0,Dry
2025-11-15T22:00:15.209813,27.3,81.4,1015.83,102.3,Dry
2025-11-15T22:00:20.228828,27.3,81.4,1015.83,102.2,Dry
2025-11-15T22:00:25.247698,27.3,81.4,1015.82,102.1,Dry
2025-11-15T22:00:30.265657,27.3,81.4,1015.82,102.1,Dry
2025-11-15T22:00:35.284691,27.3,81.4,1015.85,102.2,Dry
2025-11-15T22:00:40.303642,27.3,81.4,1015.82,102.3,Dry
2025-11-15T22:00:45.322573,27.3,81.3,1015.82,102.2,Dry
2025-11-15T22:00:50.341479,27.3,81.3,1015.82,102.3,Dry
2025-11-15T22:00:55.359340,27.3,81.3,1015.81,102.1,Dry
2025-11-15T22:01:00.378646,27.3,81.3,1015.81,102.1,Dry
2025-11-15T22:01:05.397302,27.3,81.3,1015.81,102.3,Dry
2025-11-15T22:01:10.416378,27.3,81.3,1015.79,102.1,Dry
2025-11-15T22:01:15.435271,27.3,81.4,1015.8,102.3,Dry
2025-11-15T22:01:20.453217,27.3,81.4,1015.8,102.3,Dry
2025-11-15T22:01:25.472428,27.3,81.4,1015.82,102.1,Dry
2025-11-15T22:01:30.491082,27.3,81.3,1015.82,102.2,Dry
2025-11-15T22:01:35.509969,27.3,81.3,1015.79,102.1,Dry
2025-11-15T22:01:40.528972,27.3,81.4,1015.82,102.0,Dry
2025-11-15T22:01:45.547858,27.3,81.3,1015.83,102.1,Dry
2025-11-15T22:01:50.565813,27.3,81.4,1015.83,102.3,Dry
2025-11-15T22:01:55.584739,27.3,81.4,1015.83,102.1,Dry
2025-11-15T22:02:00.603623,27.3,81.4,1015.8,102.3,Dry
2025-11-15T22:02:05.622655,27.3,81.3,1015.78,102.3,Dry
2025-11-15T22:02:10.641700,27.3,81.3,1015.79,102.3,Dry
2025-11-15T22:02:15.659503,27.3,81.3,1015.79,102.2,Dry
2025-11-15T22:02:20.678380,27.3,81.3,1015.84,102.3,Dry
2025-11-15T22:02:25.697320,27.3,81.3,1015.81,102.3,Dry
2025-11-15T22:02:30.716333,27.3,81.3,1015.8,102.3,Dry
2025-11-15T22:02:35.735275,27.3,81.3,1015.84,102.3,Dry
2025-11-15T22:02:40.753221,27.3,81.3,1015.79,102.2,Dry
2025-11-15T22:02:45.772057,27.3,81.3,1015.78,102.1,Dry
2025-11-15T22:02:50.791022,27.3,81.3,1015.83,102.3,Dry
2025-11-15T22:02:55.810001,27.3,81.3,1015.8,102.3,Dry
2025-11-15T22:03:00.828851,27.3,81.3,1015.76,102.3,Dry
2025-11-15T22:03:05.847794,27.3,81.2,1015.81,102.3,Dry
2025-11-15T22:03:10.865745,27.3,81.3,1015.81,102.3,Dry
2025-11-15T22:03:15.884730,27.3,81.3,1015.79,102.3,Dry
2025-11-15T22:03:20.903628,27.3,81.3,1015.8,102.3,Dry
2025-11-15T22:03:25.922588,27.3,81.3,1015.85,102.3,Dry
2025-11-15T22:03:30.941497,27.3,81.2,1015.82,102.1,Dry
2025-11-15T22:03:35.959448,27.3,81.3,1015.8,102.1,Dry
2025-11-15T22:03:40.978307,27.3,81.3,1015.8,102.1,Dry
2025-11-15T22:03:45.997400,27.3,81.3,1015.8,102.0,Dry
2025-11-15T22:03:51.016280,27.3,81.4,1015.84,102.3,Dry
2025-11-15T22:03:56.035152,27.3,81.3,1015.81,102.3,Dry
2025-11-15T22:04:01.052975,27.3,81.3,1015.78,102.2,Dry
2025-11-15T22:04:06.071968,27.3,81.3,1015.8,102.1,Dry
2025-11-15T22:04:11.090936,27.3,81.4,1015.8,102.1,Dry
2025-11-15T22:04:16.109848,27.3,81.3,1015.8,102.3,Dry
2025-11-15T22:04:21.128791,27.3,81.4,1015.83,102.2,Dry
2025-11-15T22:04:26.147797,27.3,81.4,1015.86,102.3,Dry
2025-11-15T22:04:31.165645,27.3,81.4,1015.8,102.3,Dry
2025-11-15T22:04:36.184605,27.3,81.4,1015.83,102.3,Dry
2025-11-15T22:04:41.203614,27.3,81.4,1015.81,102.2,Dry
2025-11-15T22:04:46.222306,27.3,81.4,1015.79,102.1,Dry
2025-11-15T22:04:51.241580,27.3,81.4,1015.79,102.0,Dry
2025-11-15T22:04:56.259135,27.3,81.4,1015.79,102.3,Dry
2025-11-15T22:05:01.278162,27.3,81.4,1015.8,102.3,Dry
2025-11-15T22:05:06.297114,27.3,81.4,1015.82,102.3,Dry
2025-11-15T22:05:11.315920,27.3,81.4,1015.85,102.3,Dry
2025-11-15T22:05:16.334818,27.3,81.4,1015.82,102.3,Dry
2025-11-15T22:05:21.352861,27.3,81.4,1015.85,102.1,Dry
2025-11-15T22:05:26.371648,27.3,81.4,1015.86,102.1,Dry
2025-11-15T22:05:31.390650,27.3,81.4,1015.87,102.2,Dry
2025-11-15T22:05:36.409521,27.3,81.4,1015.87,102.1,Dry
2025-11-15T22:05:41.428651,27.3,81.4,1015.88,102.2,Dry
2025-11-15T22:05:46.447309,27.3,81.4,1015.83,102.3,Dry
2025-11-15T22:05:51.465267,27.3,81.4,1015.84,102.1,Dry
2025-11-15T22:05:56.484092,27.3,81.4,1015.9,102.2,Dry
2025-11-15T22:06:01.503060,27.3,81.5,1015.88,102.3,Dry
2025-11-15T22:06:06.521926,27.3,81.4,1015.88,102.3,Dry
2025-11-15T22:06:11.540844,27.3,81.3,1015.85,102.3,Dry
2025-11-15T22:06:16.558737,27.3,81.3,1015.88,102.1,Dry
2025-11-15T22:06:21.577600,27.3,81.4,1015.87,102.2,Dry
2025-11-15T22:06:26.596522,27.3,81.4,1015.86,102.3,Dry
2025-11-15T22:06:31.615548,27.3,81.4,1015.86,102.3,Dry
2025-11-15T22:06:36.634431,27.3,81.4,1015.89,102.2,Dry
2025-11-15T22:06:41.652297,27.3,81.4,1015.89,102.0,Dry
2025-11-15T22:06:46.671124,27.3,81.4,1015.83,102.3,Dry
2025-11-15T22:06:51.690038,27.3,81.4,1015.9,102.3,Dry
2025-11-15T22:06:56.709032,27.3,81.4,1015.84,102.2,Dry
2025-11-15T22:07:01.727832,27.3,81.4,1015.88,102.1,Dry
2025-11-15T22:07:06.746790,27.3,81.4,1015.85,102.3,Dry
2025-11-15T22:07:11.764642,27.3,81.4,1015.89,102.2,Dry
2025-11-15T22:07:16.783600,27.3,81.4,1015.85,102.1,Dry
2025-11-15T22:07:21.802390,27.3,81.4,1015.89,102.3,Dry
2025-11-15T22:07:26.821459,27.3,81.4,1015.86,102.3,Dry
2025-11-15T22:07:31.840304,27.3,81.4,1015.88,102.3,Dry
2025-11-15T22:07:36.858224,27.3,81.4,1015.93,102.3,Dry
2025-11-15T22:07:41.877106,27.3,81.4,1015.89,102.1,Dry
2025-11-15T22:07:46.896035,27.3,81.4,1015.88,102.2,Dry
2025-11-15T22:07:51.914808,27.3,81.4,1015.9,102.2,Dry
2025-11-15T22:07:56.933834,27.3,81.4,1015.85,102.3,Dry
2025-11-15T22:08:01.951753,27.3,81.4,1015.84,102.2,Dry
2025-11-15T22:08:06.970501,27.3,81.4,1015.84,102.1,Dry
2025-11-15T22:08:11.989452,27.3,81.4,1015.86,102.3,Dry
2025-11-15T22:08:17.008397,27.3,81.4,1015.86,102.3,Dry
2025-11-15T22:08:22.027276,27.3,81.4,1015.89,102.3,Dry
2025-11-15T22:08:27.046245,27.3,81.4,1015.87,102.2,Dry
2025-11-15T22:08:32.063979,27.3,81.4,1015.84,102.3,Dry
2025-11-15T22:08:37.082866,27.2,81.4,1015.84,102.2,Dry
2025-11-15T22:08:42.101879,27.3,81.4,1015.86,102.2,Dry
2025-11-15T22:08:47.120801,27.3,81.3,1015.92,102.3,Dry
2025-11-15T22:08:52.139634,27.3,81.4,1015.89,102.3,Dry
2025-11-15T22:08:57.157514,27.3,81.4,1015.9,102.3,Dry
2025-11-15T22:09:02.176443,27.3,81.4,1015.9,102.3,Dry
2025-11-15T22:09:07.195328,27.3,81.4,1015.93,102.3,Dry
2025-11-15T22:09:12.214338,27.3,81.4,1015.91,102.3,Dry
2025-11-15T22:09:17.233163,27.3,81.4,1015.9,102.3,Dry
2025-11-15T22:09:22.251015,27.3,81.4,1015.89,102.2,Dry
2025-11-15T22:09:27.269903,27.3,81.4,1015.9,102.2,Dry
2025-11-15T22:09:32.288846,27.3,81.4,1015.9,102.3,Dry
2025-11-15T22:09:37.307641,27.2,81.3,1015.9,102.3,Dry
2025-11-15T22:09:42.326495,27.3,81.3,1015.92,102.2,Dry
2025-11-15T22:17:28.542294,27.1,81.7,1015.92,102.1,Dry
2025-11-15T22:17:33.561111,27.1,81.6,1015.93,102.1,Dry
2025-11-15T22:17:38.580112,27.1,81.6,1015.91,102.2,Dry
2025-11-15T22:17:43.599110,27.1,81.5,1015.93,102.3,Dry
2025-11-15T22:17:48.617884,27.1,81.5,1015.92,102.2,Dry
2025-11-15T22:17:53.635706,27.1,81.5,1015.92,102.3,Dry
2025-11-15T22:17:58.654612,27.1,81.5,1015.92,102.2,Dry
2025-11-15T22:18:03.673352,27.1,81.3,1015.92,102.3,Dry
2025-11-15T22:18:08.692220,27.1,81.3,1015.91,102.0,Dry
2025-11-15T22:18:13.710996,27.1,81.3,1015.9,102.1,Dry
2025-11-15T22:18:18.729055,27.2,81.3,1015.91,102.0,Dry
2025-11-15T22:18:23.747926,27.2,81.3,1015.9,102.0,Dry
2025-11-15T22:18:28.766601,27.2,81.3,1015.91,102.1,Dry
2025-11-15T22:18:33.785614,27.2,81.3,1015.92,102.1,Dry
2025-11-15T22:18:38.804619,27.2,81.1,1015.93,102.3,Dry
2025-11-15T22:18:43.822216,27.2,81.2,1015.91,102.1,Dry
2025-11-15T22:18:48.841065,27.2,81.2,1015.92,102.1,Dry
2025-11-15T22:18:53.860160,27.2,81.1,1015.92,101.9,Dry
2025-11-15T22:18:58.879049,27.2,81.1,1015.92,102.2,Dry
2025-11-15T22:19:03.897405,27.2,81.2,1015.93,53.6,Wet
2025-11-15T22:19:08.916328,27.2,81.2,1015.94,48.3,Wet
2025-11-15T22:19:13.934353,27.2,81.1,1015.91,46.8,Wet
2025-11-15T22:19:18.953636,27.2,81.1,1015.93,100.9,Dry
2025-11-15T22:19:23.972454,27.2,81.1,1015.92,101.5,Dry
2025-11-15T22:19:28.991443,27.2,81.1,1015.91,102.0,Dry
2025-11-15T22:19:34.010302,27.2,81.0,1015.93,102.2,Dry
2025-11-15T22:19:39.027970,27.2,81.0,1015.92,101.9,Dry
2025-11-15T22:19:44.046895,27.2,81.1,1015.91,102.0,Dry
2025-11-15T22:19:49.065617,27.2,81.1,1015.89,102.1,Dry
2025-11-16T16:07:48.980022,27.6,71.2,1013.44,102.3,Dry
2025-11-16T16:07:53.998840,27.7,71.1,1013.45,102.3,Dry
2025-11-16T16:07:59.017586,27.7,71.0,1013.44,102.3,Dry
2025-11-16T16:08:04.036475,27.7,71.1,1013.48,102.0,Dry
2025-11-16T16:08:09.055277,27.7,71.0,1013.44,102.3,Dry
2025-11-16T16:08:14.073117,27.7,71.0,1013.45,102.1,Dry
2025-11-16T16:08:19.092072,27.7,71.1,1013.48,102.2,Dry
2025-11-16T16:08:24.110773,27.7,71.0,1013.44,102.3,Dry
2025-11-16T16:08:29.129696,27.7,71.0,1013.46,102.3,Dry
2025-11-16T16:08:34.148467,27.7,71.0,1013.47,102.3,Dry
2025-11-16T16:08:39.167169,27.7,71.0,1013.47,102.0,Dry
2025-11-16T16:08:44.185266,27.7,70.9,1013.43,102.1,Dry
2025-11-16T16:08:49.204143,27.7,71.0,1013.45,102.0,Dry
2025-11-16T16:08:54.223104,27.7,71.1,1013.41,102.2,Dry
2025-11-16T16:08:59.241975,27.7,70.9,1013.44,101.9,Dry
2025-11-16T16:09:04.259700,27.7,71.0,1013.44,102.1,Dry
2025-11-16T16:09:09.278715,27.7,70.9,1013.44,102.0,Dry
2025-11-16T16:09:14.297658,27.8,70.8,1013.44,102.1,Dry
2025-11-16T16:09:19.316416,27.7,70.8,1013.43,102.3,Dry
2025-11-16T16:09:24.335433,27.7,70.8,1013.44,102.2,Dry
2025-11-16T16:09:29.354273,27.7,70.9,1013.42,102.1,Dry
2025-11-16T16:09:34.372397,27.8,70.9,1013.4,102.3,Dry
2025-11-16T16:09:39.390985,27.7,70.9,1013.38,102.1,Dry
2025-11-16T16:09:44.410159,27.8,70.9,1013.4,102.0,Dry
2025-11-16T16:09:49.429008,27.8,70.7,1013.41,102.0,Dry
2025-11-16T16:09:54.447498,27.8,70.8,1013.42,49.8,Wet
2025-11-16T16:09:59.465277,27.8,70.7,1013.39,49.0,Wet
2025-11-16T16:10:04.484189,27.8,70.8,1013.44,45.7,Wet
2025-11-16T16:10:09.503103,27.8,70.7,1013.4,46.3,Wet
2025-11-16T16:10:14.521888,27.8,70.8,1013.45,46.4,Wet
2025-11-16T16:10:19.540809,27.8,70.9,1013.44,46.4,Wet
2025-11-16T16:10:24.558637,27.8,70.8,1013.39,46.8,Wet
2025-11-16T16:10:29.577623,27.8,70.8,1013.41,47.5,Wet
2025-11-16T16:10:34.596317,27.8,70.7,1013.39,47.7,Wet
2025-11-16T16:10:39.615256,27.8,70.5,1013.41,46.6,Wet
2025-11-16T16:10:44.634195,27.8,70.6,1013.38,79.8,Dry
2025-11-16T16:10:49.653221,27.8,70.6,1013.41,89.2,Dry
2025-11-16T16:10:54.671321,27.8,70.6,1013.4,100.2,Dry
2025-11-16T16:10:59.690309,27.8,70.6,1013.39,100.7,Dry
2025-11-16T16:11:04.709101,27.8,70.6,1013.38,101.2,Dry
2025-11-16T16:11:09.727922,27.8,70.6,1013.4,101.0,Dry
2025-11-16T16:11:14.746715,27.8,70.6,1013.4,96.3,Dry
2025-11-16T16:11:19.764826,27.8,70.8,1013.39,100.5,Dry
2025-11-16T16:11:24.783585,27.8,70.6,1013.36,101.4,Dry
2025-11-16T16:11:29.802587,27.8,70.6,1013.38,100.9,Dry
2025-11-16T16:11:34.821412,27.8,70.6,1013.38,101.5,Dry
2025-11-16T16:11:39.840223,27.8,70.6,1013.4,101.9,Dry
2025-11-16T16:11:44.858062,27.8,70.7,1013.4,101.7,Dry
2025-11-16T16:11:49.876973,27.8,70.6,1013.39,101.6,Dry
2025-11-16T16:11:54.895838,27.8,70.7,1013.42,101.9,Dry
2025-11-16T16:11:59.914801,27.8,70.7,1013.38,101.7,Dry
2025-11-16T16:12:04.933846,27.7,70.7,1013.38,102.3,Dry
2025-11-16T16:12:09.952638,27.8,70.7,1013.37,102.1,Dry
2025-11-16T16:12:14.970576,27.8,70.7,1013.39,101.7,Dry
2025-11-16T16:12:19.989420,27.8,70.8,1013.42,102.2,Dry
2025-11-16T16:12:25.008222,27.8,70.7,1013.38,101.7,Dry
2025-11-16T16:12:30.027173,27.8,70.7,1013.39,101.8,Dry
2025-11-16T16:12:35.046403,27.8,70.7,1013.4,102.0,Dry
2025-11-16T16:12:40.063896,27.8,70.7,1013.4,101.6,Dry
2025-11-16T16:12:45.082857,27.8,70.7,1013.38,102.2,Dry
2025-11-16T16:12:50.101689,27.8,70.7,1013.41,101.8,Dry
2025-11-16T16:12:55.120719,27.8,70.7,1013.39,102.0,Dry
2025-11-16T16:13:00.139597,27.8,70.6,1013.38,102.3,Dry
2025-11-16T16:13:05.157536,27.8,70.6,1013.37,102.0,Dry
2025-11-16T16:13:10.176371,27.8,70.6,1013.38,101.9,Dry
2025-11-16T16:13:15.195228,27.8,70.6,1013.36,101.8,Dry
2025-11-16T16:13:20.214126,27.8,70.6,1013.39,101.8,Dry
2025-11-16T16:13:25.233211,27.8,70.6,1013.38,102.2,Dry
2025-11-16T16:13:30.252056,27.8,70.6,1013.34,102.1,Dry
2025-11-16T16:13:35.269836,27.8,70.7,1013.38,101.9,Dry
2025-11-16T16:13:40.288669,27.8,70.7,1013.38,101.7,Dry
2025-11-16T16:13:45.307611,27.8,70.7,1013.38,101.8,Dry
2025-11-16T16:13:50.326663,27.8,70.8,1013.38,102.2,Dry
2025-11-16T16:13:55.345422,27.8,70.8,1013.39,102.1,Dry
2025-11-16T16:14:00.363345,27.8,70.7,1013.38,101.8,Dry
2025-11-16T16:14:05.382309,27.8,70.8,1013.37,101.7,Dry
2025-11-16T16:14:10.401062,27.8,70.7,1013.36,101.9,Dry
2025-11-16T16:14:15.420034,27.8,70.7,1013.36,102.1,Dry
2025-11-16T16:14:20.438954,27.8,70.7,1013.39,102.1,Dry
2025-11-16T16:14:25.456942,27.8,70.8,1013.39,101.9,Dry
2025-11-16T16:14:30.475761,27.8,70.7,1013.37,101.9,Dry
2025-11-16T16:14:35.494740,27.8,70.8,1013.34,102.0,Dry
2025-11-16T16:14:40.513587,27.8,70.8,1013.34,101.9,Dry
2025-11-16T16:14:45.532524,27.8,70.7,1013.37,102.3,Dry
2025-11-16T16:14:50.551516,27.8,70.8,1013.37,102.3,Dry
2025-11-16T16:14:55.569354,27.8,70.8,1013.38,102.0,Dry
2025-11-16T16:15:00.588237,27.8,70.8,1013.37,102.0,Dry
2025-11-16T16:15:05.607251,27.8,70.8,1013.37,102.0,Dry
2025-11-16T16:15:10.625955,27.8,70.8,1013.38,102.0,Dry
2025-11-16T16:15:15.644895,27.8,70.7,1013.37,102.2,Dry
2025-11-16T16:15:20.662709,27.8,70.8,1013.37,102.1,Dry
2025-11-16T16:15:25.681620,27.8,70.8,1013.34,102.3,Dry
2025-11-16T16:15:30.700385,27.8,70.8,1013.38,101.9,Dry
2025-11-16T16:15:35.719122,27.7,70.8,1013.39,101.9,Dry
2025-11-16T16:15:40.738181,27.7,70.9,1013.4,101.9,Dry
2025-11-16T16:15:45.756237,27.8,70.9,1013.35,101.9,Dry
2025-11-16T16:15:50.775049,27.8,71.0,1013.36,102.3,Dry
2025-11-16T16:15:55.793830,27.7,71.0,1013.37,102.2,Dry
2025-11-16T16:16:00.813000,27.8,71.0,1013.37,101.8,Dry
2025-11-16T16:16:05.831744,27.8,71.0,1013.34,101.8,Dry
2025-11-16T16:16:10.850361,27.7,71.0,1013.34,101.9,Dry
2025-11-16T16:16:15.868550,27.8,70.9,1013.34,102.3,Dry
2025-11-16T16:16:20.887435,27.8,70.9,1013.35,102.2,Dry
2025-11-16T16:16:25.906056,27.7,70.9,1013.35,102.1,Dry
2025-11-16T16:16:30.924889,27.7,71.0,1013.34,102.1,Dry
2025-11-16T16:16:35.943843,27.7,71.0,1013.34,102.3,Dry
2025-11-16T16:16:40.961673,27.7,71.0,1013.3,102.1,Dry
2025-11-16T16:16:45.980594,27.7,71.0,1013.34,102.0,Dry
2025-11-16T16:16:50.999379,27.7,71.0,1013.38,102.3,Dry
2025-11-16T16:16:56.018299,27.7,71.0,1013.37,101.8,Dry
2025-11-16T16:17:01.037181,27.7,71.0,1013.36,101.8,Dry
2025-11-16T16:17:06.055151,27.7,71.1,1013.34,102.0,Dry
2025-11-16T16:17:11.074024,27.7,71.1,1013.32,102.3,Dry
2025-11-16T16:17:16.092965,27.7,71.1,1013.34,102.0,Dry
2025-11-16T16:17:21.111855,27.7,71.1,1013.35,101.8,Dry
2025-11-16T16:17:26.130755,27.7,71.1,1013.35,102.0,Dry
2025-11-16T16:17:31.149572,27.7,71.1,1013.33,102.2,Dry
2025-11-16T16:17:36.167404,27.7,71.1,1013.36,101.8,Dry
2025-11-16T16:17:41.186381,27.7,71.1,1013.36,101.8,Dry
2025-11-16T16:17:46.205184,27.7,71.1,1013.35,102.2,Dry
2025-11-16T16:17:51.224194,27.7,71.1,1013.32,102.1,Dry
2025-11-16T16:17:56.243297,27.7,71.1,1013.33,102.3,Dry
2025-11-16T16:18:01.261002,27.7,71.1,1013.32,102.0,Dry
2025-11-16T16:18:06.279952,27.7,71.0,1013.34,101.8,Dry
2025-11-16T16:18:11.298726,27.7,71.0,1013.3,102.3,Dry
2025-11-16T16:18:16.317668,27.7,71.0,1013.33,102.0,Dry
2025-11-16T16:18:21.336520,27.7,71.0,1013.33,101.9,Dry
2025-11-16T16:18:26.354506,27.7,71.0,1013.35,102.3,Dry
2025-11-16T16:18:31.373489,27.7,71.0,1013.34,102.1,Dry
2025-11-16T16:18:36.392153,27.7,71.1,1013.34,101.9,Dry
2025-11-16T16:18:41.411069,27.7,71.1,1013.34,101.8,Dry
2025-11-16T16:18:46.429918,27.7,71.2,1013.34,102.0,Dry
2025-11-16T16:18:51.448822,27.7,71.3,1013.35,102.3,Dry
2025-11-16T16:18:56.466731,27.7,71.3,1013.34,101.9,Dry
2025-11-16T16:19:01.485568,27.7,71.3,1013.36,102.1,Dry
2025-11-16T16:19:06.504738,27.8,71.3,1013.34,102.3,Dry
2025-11-16T16:19:11.523595,27.8,71.3,1013.35,101.9,Dry
2025-11-16T16:19:16.542645,27.8,71.3,1013.37,102.0,Dry
2025-11-16T16:19:21.560691,27.8,71.0,1013.37,101.9,Dry
2025-11-16T16:19:26.579499,27.8,70.8,1013.39,101.8,Dry
2025-11-16T16:19:31.598443,27.8,71.0,1013.37,102.3,Dry
2025-11-16T16:19:36.617135,27.9,71.1,1013.38,102.3,Dry
2025-11-16T16:19:41.636009,27.9,71.1,1013.37,101.8,Dry
2025-11-16T16:19:46.654204,27.9,71.1,1013.41,102.2,Dry
2025-11-16T16:19:51.672914,27.9,71.1,1013.39,102.1,Dry
2025-11-16T16:19:56.692059,27.9,71.1,1013.38,102.0,Dry
2025-11-16T16:20:01.710715,27.9,71.0,1013.42,102.1,Dry
2025-11-16T16:20:06.729952,28.0,71.1,1013.41,102.3,Dry
2025-11-16T16:20:11.748920,28.0,71.1,1013.41,102.1,Dry
2025-11-16T16:20:16.766734,28.0,71.0,1013.41,102.1,Dry
2025-11-16T16:20:21.785634,28.0,71.1,1013.43,102.1,Dry
2025-11-16T16:20:26.804667,28.0,71.1,1013.42,101.9,Dry
2025-11-16T16:20:31.823539,28.0,71.0,1013.41,102.0,Dry
2025-11-16T16:20:36.842645,28.0,70.8,1013.43,102.3,Dry
2025-11-16T16:20:41.860747,28.0,70.3,1013.4,102.2,Dry
2025-11-16T16:20:46.879345,28.0,70.1,1013.41,102.1,Dry
2025-11-16T16:20:51.898104,28.1,70.0,1013.42,102.3,Dry
2025-11-16T16:20:56.917061,28.1,70.2,1013.42,101.9,Dry
2025-11-16T16:21:01.936101,28.1,70.3,1013.42,102.3,Dry
2025-11-16T16:21:06.953909,28.1,70.3,1013.41,101.8,Dry
2025-11-16T16:21:11.972932,28.1,70.3,1013.41,101.9,Dry
2025-11-16T16:21:16.991602,28.1,70.5,1013.43,102.1,Dry
2025-11-16T16:21:22.010693,28.1,70.7,1013.44,102.2,Dry
2025-11-16T16:21:27.029679,28.1,70.7,1013.41,102.0,Dry
2025-11-16T16:21:32.048813,28.2,70.6,1013.42,102.0,Dry
2025-11-16T16:21:37.066567,28.2,70.9,1013.4,102.3,Dry
2025-11-16T16:21:42.085437,28.2,70.7,1013.42,102.0,Dry
2025-11-16T16:33:10.900384,28.5,68.0,0.0,102.3,Dry
2025-11-16T16:33:15.919271,28.5,67.8,0.0,102.2,Dry
2025-11-16T16:33:20.938009,28.5,67.5,0.0,101.8,Dry
2025-11-16T16:33:25.956871,28.5,67.5,0.0,102.1,Dry
2025-11-16T16:33:30.975789,28.5,68.8,0.0,101.8,Dry
2025-11-16T16:33:35.993594,28.5,68.2,0.0,101.8,Dry
2025-11-16T16:33:41.012623,28.5,69.0,0.0,102.0,Dry
2025-11-16T16:33:46.031461,28.5,68.7,0.0,101.7,Dry
2025-11-16T16:33:51.050223,28.5,68.9,0.0,102.2,Dry
2025-11-16T16:33:56.068771,28.4,68.2,0.0,101.9,Dry
2025-11-16T16:34:01.086684,28.5,67.7,0.0,102.2,Dry
2025-11-16T16:34:06.105629,28.5,68.0,0.0,102.1,Dry
2025-11-16T16:34:11.124240,28.4,67.8,0.0,102.1,Dry
2025-11-16T16:34:16.143071,28.4,67.8,0.0,102.1,Dry
2025-11-16T16:42:22.813742,27.8,72.5,1013.69,101.8,Dry
2025-11-16T16:42:27.832505,27.8,72.5,1013.69,101.5,Dry
2025-11-16T16:42:43.520921,27.8,72.4,1013.68,102.3,Dry
2025-11-16T16:42:48.539520,27.9,72.4,1013.64,101.5,Dry
2025-11-16T16:42:53.558278,27.9,72.4,1013.69,102.1,Dry
2025-11-16T16:42:58.577055,27.9,72.4,1013.7,101.8,Dry
2025-11-16T16:43:03.595718,27.9,72.4,1013.7,101.9,Dry
2025-11-16T16:43:08.613423,27.9,72.3,1013.7,101.5,Dry
2025-11-16T16:43:13.632147,27.9,72.5,1013.68,101.8,Dry
2025-11-16T16:43:18.651028,27.9,72.9,1013.67,102.2,Dry
2025-11-16T16:43:23.669503,27.9,72.4,1013.7,102.3,Dry
2025-11-16T16:43:28.688297,27.9,72.3,1013.71,102.0,Dry
2025-11-16T16:47:02.061204,28.0,72.1,1013.75,102.3,Dry
2025-11-16T16:47:07.080051,28.0,72.2,1013.76,101.8,Dry
2025-11-16T16:47:12.098421,28.1,72.2,1013.77,101.5,Dry
2025-11-16T16:47:17.117090,28.1,72.2,1013.78,101.2,Dry
2025-11-16T16:47:22.135992,28.2,72.1,1013.77,102.0,Dry
2025-11-16T16:47:27.153675,28.2,72.0,1013.75,101.3,Dry
2025-11-16T16:47:32.172342,28.3,71.8,1013.74,101.5,Dry
2025-11-16T16:47:37.190987,28.3,71.7,1013.74,102.3,Dry
2025-11-16T16:47:42.209703,28.3,71.5,1013.76,102.3,Dry
2025-11-16T16:47:47.228336,28.4,71.5,1013.75,101.9,Dry
2025-11-16T16:47:52.245868,28.4,71.4,1013.77,102.1,Dry
2025-11-16T16:51:24.911710,28.7,70.6,1013.8,102.3,Dry
2025-11-16T16:51:29.925827,28.7,70.6,1013.81,102.3,Dry
2025-11-16T16:51:34.947464,28.7,70.6,1013.81,101.5,Dry
2025-11-16T16:51:39.968526,28.6,70.7,1013.79,102.3,Dry
2025-11-16T16:51:44.989406,28.6,70.7,1013.77,101.7,Dry
2025-11-16T16:51:50.009074,28.6,70.7,1013.77,102.3,Dry
2025-11-16T16:51:55.029460,28.6,70.7,1013.82,102.3,Dry
2025-11-16T16:52:00.049468,28.6,70.7,1013.82,101.9,Dry
2025-11-16T16:52:05.069753,28.6,70.8,1013.83,102.0,Dry
2025-11-16T16:52:10.089620,28.6,70.8,1013.81,102.3,Dry
2025-11-16T16:52:15.108306,28.6,70.8,1013.83,102.1,Dry
2025-11-16T16:52:20.127939,28.6,70.8,1013.81,102.3,Dry
2025-11-16T16:52:25.147496,28.6,70.8,1013.85,102.2,Dry
2025-11-16T16:52:30.167190,28.6,70.8,1013.84,102.3,Dry
2025-11-16T16:52:35.186308,28.6,70.7,1013.79,101.6,Dry
2025-11-16T16:52:40.204814,28.6,70.8,1013.82,102.0,Dry
2025-11-16T16:52:45.224148,28.6,70.8,1013.8,101.7,Dry
2025-11-16T16:52:50.243375,28.6,70.7,1013.8,101.9,Dry
2025-11-16T16:52:55.262717,28.6,70.8,1013.82,102.3,Dry
2025-11-16T16:53:00.281927,28.6,70.8,1013.82,102.1,Dry
2025-11-16T16:53:05.301312,28.6,70.7,1013.82,102.2,Dry
2025-11-16T16:53:10.319673,28.6,70.7,1013.83,102.3,Dry
2025-11-16T16:53:15.338645,28.6,70.7,1013.8,102.0,Dry
2025-11-16T16:53:20.357657,28.6,70.7,1013.82,102.3,Dry
2025-11-16T16:53:25.376830,28.6,70.8,1013.82,101.9,Dry
2025-11-16T16:53:30.396044,28.6,70.8,1013.81,102.0,Dry
2025-11-16T16:53:35.412836,28.6,70.8,1013.82,101.7,Dry
2025-11-16T16:53:40.427986,28.6,70.8,1013.78,101.6,Dry
2025-11-16T16:53:45.443410,28.6,70.8,1013.83,101.9,Dry
2025-11-16T16:53:50.459122,28.6,70.8,1013.81,102.3,Dry
2025-11-16T16:53:55.475105,28.6,70.9,1013.84,102.3,Dry
2025-11-16T16:54:00.490215,28.6,70.9,1013.83,101.5,Dry
2025-11-16T16:54:05.506354,28.6,70.9,1013.82,101.1,Dry
2025-11-16T16:54:10.522857,28.5,70.9,1013.82,101.4,Dry
2025-11-16T16:54:15.539562,28.5,70.9,1013.79,102.3,Dry
2025-11-16T16:54:24.380923,28.5,70.8,1013.81,102.3,Dry
2025-11-16T16:55:26.722849,28.5,70.9,1013.82,102.3,Dry
2025-11-16T16:55:31.740487,28.5,70.9,1013.82,101.9,Dry
2025-11-16T16:55:36.758568,28.5,70.9,1013.83,102.3,Dry
2025-11-16T16:55:41.776750,28.5,70.8,1013.83,101.9,Dry
2025-11-16T16:55:46.794858,28.5,70.9,1013.83,102.3,Dry
2025-11-16T16:55:51.811775,28.4,71.0,1013.83,102.2,Dry
2025-11-16T16:55:56.830191,28.5,70.9,1013.83,101.7,Dry
2025-11-16T16:56:01.848378,28.5,71.0,1013.8,102.3,Dry
2025-11-16T16:56:06.866718,28.4,70.9,1013.81,101.6,Dry
2025-11-16T16:56:11.884751,28.4,70.9,1013.78,101.3,Dry
2025-11-16T17:02:09.082697,28.0,71.8,1013.81,102.2,Dry
2025-11-16T17:02:14.091900,28.0,71.8,1013.81,101.8,Dry
2025-11-16T22:37:14.974371,26.5,76.1,1015.54,102.0,Dry
2025-11-16T22:37:19.446385,26.5,76.1,1015.54,102.3,Dry
2025-11-16T22:37:24.465159,26.5,76.0,1015.58,102.0,Dry
2025-11-16T22:37:29.483926,26.5,75.9,1015.57,102.0,Dry
2025-11-16T22:37:34.502566,26.6,75.9,1015.56,102.1,Dry
2025-11-16T22:37:39.520282,26.6,76.0,1015.56,102.2,Dry
2025-11-16T22:37:44.539068,26.6,76.0,1015.56,102.3,Dry
2025-11-16T22:37:49.557765,26.6,76.0,1015.54,102.0,Dry
2025-11-16T22:37:55.124024,26.6,76.0,1015.53,101.9,Dry
2025-11-16T22:38:00.142745,26.6,75.9,1015.54,102.3,Dry
2025-11-16T22:38:05.160543,26.6,76.0,1015.57,102.0,Dry
2025-11-16T22:38:10.179283,26.6,75.8,1015.55,102.3,Dry
2025-11-16T22:38:15.197944,26.6,75.9,1015.52,101.9,Dry
2025-11-16T22:38:20.216698,26.6,76.0,1015.54,102.3,Dry
2025-11-16T22:38:25.235436,26.6,76.0,1015.52,102.3,Dry
2025-11-16T22:38:30.252751,26.6,76.0,1015.56,101.9,Dry
2025-11-16T22:38:35.271051,26.6,75.9,1015.55,102.3,Dry
2025-11-16T22:38:40.289482,26.6,75.8,1015.58,102.3,Dry
2025-11-16T22:38:45.307986,26.6,75.7,1015.56,102.1,Dry
2025-11-16T22:38:50.326655,26.6,75.6,1015.58,102.3,Dry
2025-11-16T22:38:55.345329,26.6,75.5,1015.56,102.3,Dry
2025-11-16T22:39:00.362914,26.6,75.6,1015.51,102.1,Dry
2025-11-16T22:39:05.381588,26.7,75.7,1015.52,102.3,Dry
2025-11-16T22:39:10.400271,26.7,75.6,1015.54,102.3,Dry
2025-11-16T22:39:15.419243,26.6,75.6,1015.53,102.0,Dry
2025-11-16T22:39:48.876597,26.7,75.4,1015.52,102.3,Dry
2025-11-16T22:39:53.895843,26.7,75.3,1015.49,102.2,Dry
2025-11-16T22:39:58.914630,26.7,75.3,1015.55,102.2,Dry
2025-11-16T22:40:03.933319,26.7,76.0,1015.49,102.3,Dry
2025-11-16T22:40:08.951927,26.7,76.0,1015.52,101.9,Dry
2025-11-16T22:40:13.969763,26.7,75.7,1015.5,102.3,Dry
2025-11-16T22:40:18.988497,26.7,75.6,1015.54,102.0,Dry
2025-11-16T22:40:24.007244,26.7,75.4,1015.52,102.0,Dry
2025-11-16T22:40:29.030968,26.7,75.4,1015.51,101.9,Dry
2025-11-16T22:40:34.045211,26.7,75.4,1015.53,101.9,Dry
2025-11-16T22:40:39.062552,26.7,75.4,1015.53,102.1,Dry
2025-11-16T22:40:44.081817,26.7,75.3,1015.55,102.0,Dry
2025-11-16T22:40:49.100529,26.7,75.2,1015.56,102.0,Dry
2025-11-16T22:40:54.119595,26.7,75.2,1015.51,102.0,Dry
2025-11-16T22:40:59.138148,26.7,75.2,1015.55,101.9,Dry
2025-11-16T22:41:04.156259,26.8,75.2,1015.54,101.9,Dry
2025-11-16T22:41:09.174862,26.8,75.2,1015.5,101.8,Dry
2025-11-16T22:41:14.193732,26.8,75.1,1015.53,101.8,Dry
2025-11-16T22:41:19.212588,26.8,75.1,1015.53,102.0,Dry
2025-11-16T22:41:24.231393,26.8,75.2,1015.51,102.2,Dry
2025-11-16T22:41:29.250197,26.8,75.2,1015.52,101.8,Dry
2025-11-16T22:41:34.267934,26.8,75.2,1015.51,102.2,Dry
2025-11-16T22:41:39.286938,26.8,75.1,1015.52,102.2,Dry
2025-11-16T22:41:44.306198,26.8,75.1,1015.5,102.0,Dry
2025-11-16T22:41:49.325427,26.8,75.1,1015.49,102.1,Dry
2025-11-16T22:41:54.344551,26.8,75.0,1015.49,102.0,Dry
2025-11-16T22:41:59.362568,26.8,75.1,1015.5,102.3,Dry
2025-11-16T22:42:04.381724,26.8,75.1,1015.53,102.0,Dry
2025-11-16T22:42:09.400981,26.8,75.1,1015.52,101.8,Dry
2025-11-16T22:42:14.419949,26.8,75.0,1015.5,102.1,Dry
2025-11-16T22:42:19.438870,26.9,75.0,1015.52,102.1,Dry
2025-11-16T22:42:24.456940,26.9,75.0,1015.51,102.1,Dry
2025-11-16T22:42:29.475912,26.9,74.9,1015.51,102.3,Dry
2025-11-16T22:42:34.495032,26.9,74.9,1015.48,102.0,Dry
2025-11-16T22:52:54.516015,27.1,73.2,1015.48,101.0,Dry
2025-11-16T22:52:59.534878,27.1,73.1,1015.48,102.3,Dry
2025-11-16T22:53:04.553704,27.1,73.2,1015.47,102.3,Dry
2025-11-16T22:53:09.572627,27.1,73.2,1015.47,101.6,Dry
2025-11-16T22:53:14.591326,27.1,73.1,1015.48,101.1,Dry
2025-11-16T22:53:19.609289,27.1,73.2,1015.45,102.3,Dry
2025-11-16T22:53:24.628166,27.1,73.2,1015.48,101.8,Dry
2025-11-16T22:53:29.647113,27.1,73.1,1015.49,101.6,Dry
2025-11-16T22:53:34.665836,27.1,72.9,1015.49,102.3,Dry
2025-11-16T22:53:39.684766,27.1,73.0,1015.46,102.3,Dry
2025-11-16T22:53:44.702507,27.1,73.0,1015.48,101.5,Dry
2025-11-16T22:53:49.721539,27.1,73.0,1015.47,100.5,Dry
2025-11-16T22:53:54.740245,27.1,73.1,1015.48,100.6,Dry
2025-11-16T22:53:59.759092,27.1,73.2,1015.44,102.3,Dry
2025-11-16T22:54:04.777890,27.1,73.1,1015.47,101.6,Dry
2025-11-16T22:54:09.795867,27.1,73.1,1015.48,101.5,Dry
2025-11-16T22:54:14.814587,27.1,73.0,1015.47,101.5,Dry
2025-11-16T22:54:19.833418,27.1,73.1,1015.45,101.7,Dry
2025-11-16T22:54:24.852331,27.1,73.2,1015.46,101.5,Dry
2025-11-16T22:54:29.871099,27.1,73.1,1015.45,101.1,Dry
2025-11-16T22:54:34.889966,27.1,73.3,1015.47,101.2,Dry
2025-11-16T22:54:39.908536,27.1,73.2,1015.47,101.3,Dry
2025-11-16T22:54:44.927383,27.1,73.1,1015.45,101.3,Dry
2025-11-16T22:54:49.945987,27.1,73.1,1015.47,101.3,Dry
2025-11-17T20:39:05.347552,27.0,80.0,1014.59,102.3,Dry
2025-11-17T20:39:10.366280,27.0,80.0,1014.59,102.3,Dry
2025-11-17T20:39:15.384753,27.0,80.0,1014.61,102.1,Dry
2025-11-17T20:39:20.403565,26.9,80.0,1014.6,102.3,Dry
2025-11-17T20:39:25.422202,26.9,80.0,1014.58,102.3,Dry
2025-11-17T20:39:30.439799,26.9,80.0,1014.62,102.2,Dry
